{"_step":44,"_wandb":{"runtime":5487},"train_loss":0.030868705362081528,"epoch":0,"trainer/global_step":2249,"_timestamp":1.7290741887441847e+09,"_runtime":5465.712850968}