{"_runtime":483.494994582,"_step":14,"_timestamp":1.7308589556494048e+09,"_wandb":{"runtime":515},"epoch":0,"train_loss":0.1623857021331787,"trainer/global_step":249}