{"_runtime":2406.294848621,"_step":68,"_timestamp":1.731205687464454e+09,"_wandb":{"runtime":2423},"epoch":0,"train_loss":0.07499665766954422,"trainer/global_step":399}