{"trainer/global_step":49,"val_loss":0.0379086434841156,"_runtime":28966.876233277,"_step":784,"_timestamp":1.7310518652058344e+09,"_wandb":{"runtime":29138},"epoch":0,"train_loss":0.1684134304523468}