{"_wandb":{"runtime":43504},"epoch":0,"train_loss":0.09303444623947144,"trainer/global_step":14449,"val_loss":0.04051234573125839,"_runtime":43463.358126065,"_step":1074,"_timestamp":1.7312191112216847e+09}