{"_wandb":{"runtime":20796},"epoch":0,"train_loss":0.1074078157544136,"trainer/global_step":449,"val_loss":0.0379086434841156,"_runtime":20767.42814082,"_step":527,"_timestamp":1.7295853146296172e+09}