{"_step":2140,"_timestamp":1.7312450090474198e+09,"val_loss":0.0379251204431057,"_wandb":{"runtime":41119},"epoch":4,"train_loss":0.02417442388832569,"trainer/global_step":103099,"_runtime":41114.464758915}